[{"model": "contenttypes.contenttype", "pk": 1, "fields": {"app_label": "admin", "model": "logentry"}}, {"model": "contenttypes.contenttype", "pk": 2, "fields": {"app_label": "auth", "model": "permission"}}, {"model": "contenttypes.contenttype", "pk": 3, "fields": {"app_label": "auth", "model": "group"}}, {"model": "contenttypes.contenttype", "pk": 4, "fields": {"app_label": "auth", "model": "user"}}, {"model": "contenttypes.contenttype", "pk": 5, "fields": {"app_label": "contenttypes", "model": "contenttype"}}, {"model": "contenttypes.contenttype", "pk": 6, "fields": {"app_label": "sessions", "model": "session"}}, {"model": "contenttypes.contenttype", "pk": 7, "fields": {"app_label": "KnowledgeBase", "model": "asset"}}, {"model": "contenttypes.contenttype", "pk": 8, "fields": {"app_label": "KnowledgeBase", "model": "threat"}}, {"model": "contenttypes.contenttype", "pk": 9, "fields": {"app_label": "KnowledgeBase", "model": "question"}}, {"model": "contenttypes.contenttype", "pk": 10, "fields": {"app_label": "KnowledgeBase", "model": "answer"}}, {"model": "contenttypes.contenttype", "pk": 11, "fields": {"app_label": "KnowledgeBase", "model": "advice"}}, {"model": "contenttypes.contenttype", "pk": 12, "fields": {"app_label": "KnowledgeBase", "model": "vulnerability"}}, {"model": "contenttypes.contenttype", "pk": 13, "fields": {"app_label": "KnowledgeBase", "model": "severitylevel"}}, {"model": "contenttypes.contenttype", "pk": 14, "fields": {"app_label": "KnowledgeBase", "model": "countermeasure"}}, {"model": "contenttypes.contenttype", "pk": 15, "fields": {"app_label": "KnowledgeBase", "model": "attacker"}}, {"model": "contenttypes.contenttype", "pk": 16, "fields": {"app_label": "KnowledgeBase", "model": "ciaacategory"}}, {"model": "sessions.session", "pk": "2rnbunnxh7c2r2aj7d0pcicmyh4ign57", "fields": {"session_data": "ZDZkYjg4OGZiOTU5Y2NlYzgxMzM5ZTJjYmIzM2RjYmZkYjhmMjEyYzp7Il9hdXRoX3VzZXJfaWQiOiIxIiwiX2F1dGhfdXNlcl9iYWNrZW5kIjoiZGphbmdvLmNvbnRyaWIuYXV0aC5iYWNrZW5kcy5Nb2RlbEJhY2tlbmQiLCJfYXV0aF91c2VyX2hhc2giOiIyOGMyYmIzZmIyYWYzYWZiMmI2NDE2ZWU3NjU3YTBmZGQxZTVhYWZmIiwiQUlEIjoiMyIsIlFUIjoiY29tIiwiUUlEIjoyMH0=", "expire_date": "2020-05-01T13:23:32.742Z"}}, {"model": "sessions.session", "pk": "3zkim8vvuj6qissvtqhj588jomskdvj6", "fields": {"session_data": "NDQzODJmYmMwNTkyOTFlZGIwY2E0ZjgxOGE4MjhhMzY5ZjZiNDc4Mzp7Il9hdXRoX3VzZXJfaWQiOiIxIiwiX2F1dGhfdXNlcl9iYWNrZW5kIjoiZGphbmdvLmNvbnRyaWIuYXV0aC5iYWNrZW5kcy5Nb2RlbEJhY2tlbmQiLCJfYXV0aF91c2VyX2hhc2giOiJjNzVlNTFjMWQ0ZDhlMGM1Mzc5ZmRkOGJmNjRkM2Q5ZjAxNzIyNWE0In0=", "expire_date": "2020-02-20T15:03:50.109Z"}}, {"model": "sessions.session", "pk": "59yadcmqid9760eo1rnhegxxxvvsujec", "fields": {"session_data": "MzM5OGQ1ZmQ0NzJiZTY4ZjBiYmI3NzI0NWQ0MzI2ZTEwZjliNWU4NTp7Il9hdXRoX3VzZXJfaWQiOiIxIiwiX2F1dGhfdXNlcl9iYWNrZW5kIjoiZGphbmdvLmNvbnRyaWIuYXV0aC5iYWNrZW5kcy5Nb2RlbEJhY2tlbmQiLCJfYXV0aF91c2VyX2hhc2giOiIwNzE0ODI4NGIzMjEzZDA5OGI3YWYxZWNlMTNmNTI2NmZhNmJkMmEyIiwiQUlEIjoiMSJ9", "expire_date": "2020-03-02T14:45:07.244Z"}}, {"model": "sessions.session", "pk": "5fk0lf0y6j79j9nlrngpkpt00fddja2s", "fields": {"session_data": "NWU3MTEwNjU4N2EwYzAwZTQxYzRkYWVhYmE4ZDQ0YmFlODk5YWY0OTp7Il9hdXRoX3VzZXJfaWQiOiIxIiwiX2F1dGhfdXNlcl9iYWNrZW5kIjoiZGphbmdvLmNvbnRyaWIuYXV0aC5iYWNrZW5kcy5Nb2RlbEJhY2tlbmQiLCJfYXV0aF91c2VyX2hhc2giOiI0ZjUyYmI0ODM4ODk2ZGRhODkwOTQyZGFjMTU5NzlhYzBiMWE2MmI4IiwiQUlEIjoiMiIsIlFUIjoiICJ9", "expire_date": "2020-03-02T19:14:11.336Z"}}, {"model": "sessions.session", "pk": "62lco4zuauyw9dcktvfj7quxgne6dc25", "fields": {"session_data": "MjYxZTFjYTc5ODdiY2Y0ZjU1ZTIxZWJkYzNhYmYyMTQwMTgxMDk0ZTp7Il9hdXRoX3VzZXJfaWQiOiIxIiwiX2F1dGhfdXNlcl9iYWNrZW5kIjoiZGphbmdvLmNvbnRyaWIuYXV0aC5iYWNrZW5kcy5Nb2RlbEJhY2tlbmQiLCJfYXV0aF91c2VyX2hhc2giOiI5ZmNmZTc4ZDk0ZmYyYzQ3YTA0ZDAxYjUyYTQ3M2FhYmExMGMxZGRkIiwiQUlEIjoiMSJ9", "expire_date": "2020-03-05T00:18:30.724Z"}}, {"model": "sessions.session", "pk": "74w7tu8qkk9tw02s92qa3kjsrw0uv5lq", "fields": {"session_data": "ZWUwYmEzYWJkNjQzZWI4YWIyMmE5NjhlMmZjYTdhMmM1M2JlYmI5YTp7Il9hdXRoX3VzZXJfaWQiOiIxIiwiX2F1dGhfdXNlcl9iYWNrZW5kIjoiZGphbmdvLmNvbnRyaWIuYXV0aC5iYWNrZW5kcy5Nb2RlbEJhY2tlbmQiLCJfYXV0aF91c2VyX2hhc2giOiIwNjFkMjU5NGRiNDllMTlmNzUxYTdlODYwNTQ5OGFhYWZjYmZhNTE4In0=", "expire_date": "2020-03-09T20:16:59.165Z"}}, {"model": "sessions.session", "pk": "dx49lm730hi9ptyr3kb6m37ivl59023y", "fields": {"session_data": "OTExODBjMWQ5NDg2ZWU0ZDFjN2NkZTJmMDE1YzMyODg5MGQ4ZWQ5MDp7Il9hdXRoX3VzZXJfaWQiOiIxIiwiX2F1dGhfdXNlcl9iYWNrZW5kIjoiZGphbmdvLmNvbnRyaWIuYXV0aC5iYWNrZW5kcy5Nb2RlbEJhY2tlbmQiLCJfYXV0aF91c2VyX2hhc2giOiIwNjFkMjU5NGRiNDllMTlmNzUxYTdlODYwNTQ5OGFhYWZjYmZhNTE4IiwiQUlEIjoiMyIsIlFUIjoiICJ9", "expire_date": "2020-03-18T19:44:49.645Z"}}, {"model": "sessions.session", "pk": "eaveupgeaippycaspkjc7uqlr4c41g7a", "fields": {"session_data": "OTFhZmZlNzkwODFmNTE4M2MzMjQ4MjY2YzZiZTNhYWU2NWJjMDg5Mjp7Il9hdXRoX3VzZXJfaWQiOiIxIiwiX2F1dGhfdXNlcl9iYWNrZW5kIjoiZGphbmdvLmNvbnRyaWIuYXV0aC5iYWNrZW5kcy5Nb2RlbEJhY2tlbmQiLCJfYXV0aF91c2VyX2hhc2giOiIyOGMyYmIzZmIyYWYzYWZiMmI2NDE2ZWU3NjU3YTBmZGQxZTVhYWZmIiwiQUlEIjoiMyIsIlFUIjoiICIsIlFJRCI6MTl9", "expire_date": "2020-03-23T13:02:47.425Z"}}, {"model": "sessions.session", "pk": "i81qkgb5o9ul2f41tiew6rszg6a1m40g", "fields": {"session_data": "MzM5OGQ1ZmQ0NzJiZTY4ZjBiYmI3NzI0NWQ0MzI2ZTEwZjliNWU4NTp7Il9hdXRoX3VzZXJfaWQiOiIxIiwiX2F1dGhfdXNlcl9iYWNrZW5kIjoiZGphbmdvLmNvbnRyaWIuYXV0aC5iYWNrZW5kcy5Nb2RlbEJhY2tlbmQiLCJfYXV0aF91c2VyX2hhc2giOiIwNzE0ODI4NGIzMjEzZDA5OGI3YWYxZWNlMTNmNTI2NmZhNmJkMmEyIiwiQUlEIjoiMSJ9", "expire_date": "2020-02-28T14:37:33.739Z"}}, {"model": "sessions.session", "pk": "jyfeis8qw910bcr0xod1wvwu2oep1bzr", "fields": {"session_data": "OGEyMThmY2EyMTdjMmFmNTc4YmVkODVhYzM0MDczZmM1MTUxNGUyMzp7Il9hdXRoX3VzZXJfaWQiOiIxIiwiX2F1dGhfdXNlcl9iYWNrZW5kIjoiZGphbmdvLmNvbnRyaWIuYXV0aC5iYWNrZW5kcy5Nb2RlbEJhY2tlbmQiLCJfYXV0aF91c2VyX2hhc2giOiJiNDlkYmM0ODQ0ZTExNDQxYjcxYzY0YjA5ZjFjZWNlMzQ2Y2U2MTdlIn0=", "expire_date": "2020-02-19T02:18:36.046Z"}}, {"model": "sessions.session", "pk": "koiu3aljcdloq6ivimy0mrjbpfldfuse", "fields": {"session_data": "MDk5ZjNjMjZlMjYxMDkyNGFjMDk4YjU2ZWE4NDRhNWM4MDQ5MDZiZjp7Il9hdXRoX3VzZXJfaWQiOiIxIiwiX2F1dGhfdXNlcl9iYWNrZW5kIjoiZGphbmdvLmNvbnRyaWIuYXV0aC5iYWNrZW5kcy5Nb2RlbEJhY2tlbmQiLCJfYXV0aF91c2VyX2hhc2giOiIyOGMyYmIzZmIyYWYzYWZiMmI2NDE2ZWU3NjU3YTBmZGQxZTVhYWZmIiwiQUlEIjoiMyIsIlFUIjoiY28iLCJRSUQiOjIwfQ==", "expire_date": "2020-04-30T16:42:59.368Z"}}, {"model": "sessions.session", "pk": "mtofl3z6k33cxcdktorol1b5l05ydbys", "fields": {"session_data": "MzM5OGQ1ZmQ0NzJiZTY4ZjBiYmI3NzI0NWQ0MzI2ZTEwZjliNWU4NTp7Il9hdXRoX3VzZXJfaWQiOiIxIiwiX2F1dGhfdXNlcl9iYWNrZW5kIjoiZGphbmdvLmNvbnRyaWIuYXV0aC5iYWNrZW5kcy5Nb2RlbEJhY2tlbmQiLCJfYXV0aF91c2VyX2hhc2giOiIwNzE0ODI4NGIzMjEzZDA5OGI3YWYxZWNlMTNmNTI2NmZhNmJkMmEyIiwiQUlEIjoiMSJ9", "expire_date": "2020-02-24T04:50:28.293Z"}}, {"model": "sessions.session", "pk": "nc15grat0a7jboyupvz4t96p7ueh6mah", "fields": {"session_data": "NmFlZTZmNjY3ZTQ4ODc2ODAwMDZhYzNmYTY3ZmIyZTY3ZTdjZTJlNTp7Il9hdXRoX3VzZXJfaWQiOiIxIiwiX2F1dGhfdXNlcl9iYWNrZW5kIjoiZGphbmdvLmNvbnRyaWIuYXV0aC5iYWNrZW5kcy5Nb2RlbEJhY2tlbmQiLCJfYXV0aF91c2VyX2hhc2giOiI5ZmNmZTc4ZDk0ZmYyYzQ3YTA0ZDAxYjUyYTQ3M2FhYmExMGMxZGRkIiwiQUlEIjoiMSIsIlFUIjoiICJ9", "expire_date": "2020-03-02T23:37:08.227Z"}}, {"model": "sessions.session", "pk": "p870m33plkk7km6lzdjbu85h6fmwmqfw", "fields": {"session_data": "YjYxOTNjNjQ3MmQ5YWMwODhjMjA4NzgxZmZlMjZmM2NkZWFmYmY2YTp7Il9hdXRoX3VzZXJfaWQiOiIxIiwiX2F1dGhfdXNlcl9iYWNrZW5kIjoiZGphbmdvLmNvbnRyaWIuYXV0aC5iYWNrZW5kcy5Nb2RlbEJhY2tlbmQiLCJfYXV0aF91c2VyX2hhc2giOiIyOGMyYmIzZmIyYWYzYWZiMmI2NDE2ZWU3NjU3YTBmZGQxZTVhYWZmIiwiQUlEIjoiMyIsIlFUIjoiICIsIlFJRCI6MTh9", "expire_date": "2020-04-29T21:19:23.049Z"}}, {"model": "sessions.session", "pk": "sb00lpqwj860krsigu5sydwv52ur9u30", "fields": {"session_data": "YjEwMWEzN2RhYTZmMGQ4MTQ3MDc2MzQ3OGRiZmI1YmIxMWExYjk2NTp7Il9hdXRoX3VzZXJfaWQiOiIxIiwiX2F1dGhfdXNlcl9iYWNrZW5kIjoiZGphbmdvLmNvbnRyaWIuYXV0aC5iYWNrZW5kcy5Nb2RlbEJhY2tlbmQiLCJfYXV0aF91c2VyX2hhc2giOiI2NWFiNzlmM2Q4Y2Q3MDk5YjRjZDIyOWNlNGQ2YmI0NGMyMTMzZDhhIn0=", "expire_date": "2020-02-21T14:26:52.963Z"}}, {"model": "sessions.session", "pk": "x9uwqultwd7o3wtxhv3g1anepzalwxms", "fields": {"session_data": "ZmFkYzE2YTI0NzRlMWQ2N2Q2ZjU3ZTU2ODFjYzNlNTU4MTIzZGEzNjp7Il9hdXRoX3VzZXJfaWQiOiIxIiwiX2F1dGhfdXNlcl9iYWNrZW5kIjoiZGphbmdvLmNvbnRyaWIuYXV0aC5iYWNrZW5kcy5Nb2RlbEJhY2tlbmQiLCJfYXV0aF91c2VyX2hhc2giOiJlMTNiOTZlYWU1MjdjNGJlM2MxNzEzZmM0NWM1ODgwNTA2NjdkZWRlIn0=", "expire_date": "2020-02-23T17:08:21.147Z"}}, {"model": "sessions.session", "pk": "ycamrfnwgbxzsg2i0e035c60ii1yza6d", "fields": {"session_data": "ZmFkYzE2YTI0NzRlMWQ2N2Q2ZjU3ZTU2ODFjYzNlNTU4MTIzZGEzNjp7Il9hdXRoX3VzZXJfaWQiOiIxIiwiX2F1dGhfdXNlcl9iYWNrZW5kIjoiZGphbmdvLmNvbnRyaWIuYXV0aC5iYWNrZW5kcy5Nb2RlbEJhY2tlbmQiLCJfYXV0aF91c2VyX2hhc2giOiJlMTNiOTZlYWU1MjdjNGJlM2MxNzEzZmM0NWM1ODgwNTA2NjdkZWRlIn0=", "expire_date": "2020-02-21T14:41:07.099Z"}}, {"model": "sessions.session", "pk": "yebolt6h353vg5dw8vxxdttbtpk2h6mz", "fields": {"session_data": "OGEyMThmY2EyMTdjMmFmNTc4YmVkODVhYzM0MDczZmM1MTUxNGUyMzp7Il9hdXRoX3VzZXJfaWQiOiIxIiwiX2F1dGhfdXNlcl9iYWNrZW5kIjoiZGphbmdvLmNvbnRyaWIuYXV0aC5iYWNrZW5kcy5Nb2RlbEJhY2tlbmQiLCJfYXV0aF91c2VyX2hhc2giOiJiNDlkYmM0ODQ0ZTExNDQxYjcxYzY0YjA5ZjFjZWNlMzQ2Y2U2MTdlIn0=", "expire_date": "2020-02-19T14:01:45.699Z"}}, {"model": "sessions.session", "pk": "yuduvpvfvb6f8evuavytbqj7kpxryv07", "fields": {"session_data": "ZmNkMmJhMzM2NTZjNGQwNWRhOGRmYjIwM2YzOTVhZDM3NDE3MWY2NDp7Il9hdXRoX3VzZXJfaWQiOiIxIiwiX2F1dGhfdXNlcl9iYWNrZW5kIjoiZGphbmdvLmNvbnRyaWIuYXV0aC5iYWNrZW5kcy5Nb2RlbEJhY2tlbmQiLCJfYXV0aF91c2VyX2hhc2giOiIyOGMyYmIzZmIyYWYzYWZiMmI2NDE2ZWU3NjU3YTBmZGQxZTVhYWZmIn0=", "expire_date": "2020-04-13T15:43:40.773Z"}}, {"model": "KnowledgeBase.asset", "pk": 3, "fields": {"assetName": "Computer"}}, {"model": "KnowledgeBase.asset", "pk": 4, "fields": {"assetName": "Email"}}, {"model": "KnowledgeBase.asset", "pk": 5, "fields": {"assetName": "Building"}}, {"model": "KnowledgeBase.asset", "pk": 6, "fields": {"assetName": "Vehicles"}}, {"model": "KnowledgeBase.advice", "pk": 5, "fields": {"threatKey": null, "adviceText": "Have an antivirus installed on the computer"}}, {"model": "KnowledgeBase.advice", "pk": 6, "fields": {"threatKey": null, "adviceText": "Do not respond to any email address that is not in your companys address book"}}, {"model": "KnowledgeBase.advice", "pk": 7, "fields": {"threatKey": null, "adviceText": "Lock your car before entering the building"}}, {"model": "KnowledgeBase.advice", "pk": 8, "fields": {"threatKey": null, "adviceText": "Hide anything of value out of sight in your car"}}, {"model": "KnowledgeBase.threat", "pk": 4, "fields": {"vulnerabilityKey": null, "assetKey": 3, "adviceKey": 5, "threatName": "Key Logers", "isApproved": true}}, {"model": "KnowledgeBase.threat", "pk": 5, "fields": {"vulnerabilityKey": null, "assetKey": 3, "adviceKey": 5, "threatName": "Virus", "isApproved": true}}, {"model": "KnowledgeBase.threat", "pk": 6, "fields": {"vulnerabilityKey": null, "assetKey": 4, "adviceKey": 6, "threatName": "Phishing", "isApproved": true}}, {"model": "KnowledgeBase.threat", "pk": 7, "fields": {"vulnerabilityKey": null, "assetKey": 6, "adviceKey": 7, "threatName": "Grand theft", "isApproved": true}}, {"model": "KnowledgeBase.threat", "pk": 8, "fields": {"vulnerabilityKey": null, "assetKey": 6, "adviceKey": 8, "threatName": "theft", "isApproved": true}}, {"model": "KnowledgeBase.threat", "pk": 9, "fields": {"vulnerabilityKey": null, "assetKey": 3, "adviceKey": null, "threatName": "Unkown USB", "isApproved": true}}, {"model": "KnowledgeBase.threat", "pk": 10, "fields": {"vulnerabilityKey": null, "assetKey": 3, "adviceKey": null, "threatName": "asdf", "isApproved": true}}, {"model": "KnowledgeBase.threat", "pk": 11, "fields": {"vulnerabilityKey": null, "assetKey": 3, "adviceKey": null, "threatName": "fdsa", "isApproved": true}}, {"model": "KnowledgeBase.threat", "pk": 12, "fields": {"vulnerabilityKey": null, "assetKey": 3, "adviceKey": null, "threatName": "req", "isApproved": true}}, {"model": "KnowledgeBase.threat", "pk": 13, "fields": {"vulnerabilityKey": null, "assetKey": 3, "adviceKey": null, "threatName": "test", "isApproved": false}}, {"model": "KnowledgeBase.threat", "pk": 14, "fields": {"vulnerabilityKey": null, "assetKey": 3, "adviceKey": null, "threatName": "test2", "isApproved": true}}, {"model": "KnowledgeBase.question", "pk": 18, "fields": {"assetKey": 3, "date": "2020-04-17", "questionRank": 0, "questionText": "Can i plug in a usb drive"}}, {"model": "KnowledgeBase.question", "pk": 19, "fields": {"assetKey": 3, "date": "2020-04-17", "questionRank": 0, "questionText": "Do i have to lock my station down when i leave the desk"}}, {"model": "KnowledgeBase.question", "pk": 20, "fields": {"assetKey": 3, "date": "2020-04-17", "questionRank": 0, "questionText": "Can i let another co-worker use my computer"}}, {"model": "KnowledgeBase.question", "pk": 21, "fields": {"assetKey": 4, "date": "2020-04-17", "questionRank": 0, "questionText": "What is phishing"}}, {"model": "KnowledgeBase.question", "pk": 22, "fields": {"assetKey": 4, "date": "2020-04-17", "questionRank": 0, "questionText": "What is spam"}}, {"model": "KnowledgeBase.question", "pk": 23, "fields": {"assetKey": 4, "date": "2020-04-17", "questionRank": 0, "questionText": "I got an offer for a gift card"}}, {"model": "KnowledgeBase.question", "pk": 24, "fields": {"assetKey": 5, "date": "2020-04-17", "questionRank": 0, "questionText": "Can i hold the door open for a coworker"}}, {"model": "KnowledgeBase.question", "pk": 25, "fields": {"assetKey": 5, "date": "2020-04-17", "questionRank": 0, "questionText": "Can i prop the door open when taking a phone call outside"}}, {"model": "KnowledgeBase.question", "pk": 26, "fields": {"assetKey": 3, "date": "2020-04-17", "questionRank": 0, "questionText": "buffalfjal"}}, {"model": "KnowledgeBase.question", "pk": 27, "fields": {"assetKey": 3, "date": "2020-04-17", "questionRank": 0, "questionText": "buifasilj"}}, {"model": "KnowledgeBase.question", "pk": 28, "fields": {"assetKey": 3, "date": "2020-04-17", "questionRank": 0, "questionText": "afdafjdl"}}, {"model": "KnowledgeBase.answer", "pk": 5, "fields": {"question": 18, "date": "2020-04-17", "answerRank": 3, "answerText": "no you can not, we disabled all usb ports on the computers. this way no one in the office can install virus though this port."}}, {"model": "KnowledgeBase.answer", "pk": 6, "fields": {"question": 18, "date": "2020-04-17", "answerRank": 0, "answerText": "No you cant, IT team turned them off"}}, {"model": "KnowledgeBase.answer", "pk": 7, "fields": {"question": 18, "date": "2020-04-17", "answerRank": -2, "answerText": "Why would you ever want to plug in a usb drive?"}}, {"model": "KnowledgeBase.answer", "pk": 8, "fields": {"question": 19, "date": "2020-04-17", "answerRank": 6, "answerText": "Yes you do, if not someone else could go on to your statoin and use your computer without you knowning"}}, {"model": "KnowledgeBase.answer", "pk": 9, "fields": {"question": 19, "date": "2020-04-17", "answerRank": 6, "answerText": "You should and you must. Company pollicy"}}, {"model": "KnowledgeBase.answer", "pk": 10, "fields": {"question": 21, "date": "2020-04-17", "answerRank": -4, "answerText": "Its when you go out to a lake and try to catch a fish."}}, {"model": "KnowledgeBase.answer", "pk": 11, "fields": {"question": 22, "date": "2020-04-17", "answerRank": 0, "answerText": "Its a thing you eat out of a can"}}, {"model": "KnowledgeBase.answer", "pk": 12, "fields": {"question": 22, "date": "2020-04-17", "answerRank": 3, "answerText": "Its another way of saying 'junk mail'"}}, {"model": "KnowledgeBase.answer", "pk": 13, "fields": {"question": 23, "date": "2020-04-17", "answerRank": 0, "answerText": "You should not replay to the email and should mark it as spam"}}, {"model": "KnowledgeBase.answer", "pk": 14, "fields": {"question": 24, "date": "2020-04-17", "answerRank": 0, "answerText": "No you can not, what if that person was let go yesterday and without you knowing? someone now just entered the building who should not have been"}}, {"model": "auth.permission", "pk": 1, "fields": {"name": "Can add log entry", "content_type": 1, "codename": "add_logentry"}}, {"model": "auth.permission", "pk": 2, "fields": {"name": "Can change log entry", "content_type": 1, "codename": "change_logentry"}}, {"model": "auth.permission", "pk": 3, "fields": {"name": "Can delete log entry", "content_type": 1, "codename": "delete_logentry"}}, {"model": "auth.permission", "pk": 4, "fields": {"name": "Can view log entry", "content_type": 1, "codename": "view_logentry"}}, {"model": "auth.permission", "pk": 5, "fields": {"name": "Can add permission", "content_type": 2, "codename": "add_permission"}}, {"model": "auth.permission", "pk": 6, "fields": {"name": "Can change permission", "content_type": 2, "codename": "change_permission"}}, {"model": "auth.permission", "pk": 7, "fields": {"name": "Can delete permission", "content_type": 2, "codename": "delete_permission"}}, {"model": "auth.permission", "pk": 8, "fields": {"name": "Can view permission", "content_type": 2, "codename": "view_permission"}}, {"model": "auth.permission", "pk": 9, "fields": {"name": "Can add group", "content_type": 3, "codename": "add_group"}}, {"model": "auth.permission", "pk": 10, "fields": {"name": "Can change group", "content_type": 3, "codename": "change_group"}}, {"model": "auth.permission", "pk": 11, "fields": {"name": "Can delete group", "content_type": 3, "codename": "delete_group"}}, {"model": "auth.permission", "pk": 12, "fields": {"name": "Can view group", "content_type": 3, "codename": "view_group"}}, {"model": "auth.permission", "pk": 13, "fields": {"name": "Can add user", "content_type": 4, "codename": "add_user"}}, {"model": "auth.permission", "pk": 14, "fields": {"name": "Can change user", "content_type": 4, "codename": "change_user"}}, {"model": "auth.permission", "pk": 15, "fields": {"name": "Can delete user", "content_type": 4, "codename": "delete_user"}}, {"model": "auth.permission", "pk": 16, "fields": {"name": "Can view user", "content_type": 4, "codename": "view_user"}}, {"model": "auth.permission", "pk": 17, "fields": {"name": "Can add content type", "content_type": 5, "codename": "add_contenttype"}}, {"model": "auth.permission", "pk": 18, "fields": {"name": "Can change content type", "content_type": 5, "codename": "change_contenttype"}}, {"model": "auth.permission", "pk": 19, "fields": {"name": "Can delete content type", "content_type": 5, "codename": "delete_contenttype"}}, {"model": "auth.permission", "pk": 20, "fields": {"name": "Can view content type", "content_type": 5, "codename": "view_contenttype"}}, {"model": "auth.permission", "pk": 21, "fields": {"name": "Can add session", "content_type": 6, "codename": "add_session"}}, {"model": "auth.permission", "pk": 22, "fields": {"name": "Can change session", "content_type": 6, "codename": "change_session"}}, {"model": "auth.permission", "pk": 23, "fields": {"name": "Can delete session", "content_type": 6, "codename": "delete_session"}}, {"model": "auth.permission", "pk": 24, "fields": {"name": "Can view session", "content_type": 6, "codename": "view_session"}}, {"model": "auth.permission", "pk": 25, "fields": {"name": "Can add asset", "content_type": 7, "codename": "add_asset"}}, {"model": "auth.permission", "pk": 26, "fields": {"name": "Can change asset", "content_type": 7, "codename": "change_asset"}}, {"model": "auth.permission", "pk": 27, "fields": {"name": "Can delete asset", "content_type": 7, "codename": "delete_asset"}}, {"model": "auth.permission", "pk": 28, "fields": {"name": "Can view asset", "content_type": 7, "codename": "view_asset"}}, {"model": "auth.permission", "pk": 29, "fields": {"name": "Can add threat", "content_type": 8, "codename": "add_threat"}}, {"model": "auth.permission", "pk": 30, "fields": {"name": "Can change threat", "content_type": 8, "codename": "change_threat"}}, {"model": "auth.permission", "pk": 31, "fields": {"name": "Can delete threat", "content_type": 8, "codename": "delete_threat"}}, {"model": "auth.permission", "pk": 32, "fields": {"name": "Can view threat", "content_type": 8, "codename": "view_threat"}}, {"model": "auth.permission", "pk": 33, "fields": {"name": "Can add question", "content_type": 9, "codename": "add_question"}}, {"model": "auth.permission", "pk": 34, "fields": {"name": "Can change question", "content_type": 9, "codename": "change_question"}}, {"model": "auth.permission", "pk": 35, "fields": {"name": "Can delete question", "content_type": 9, "codename": "delete_question"}}, {"model": "auth.permission", "pk": 36, "fields": {"name": "Can view question", "content_type": 9, "codename": "view_question"}}, {"model": "auth.permission", "pk": 37, "fields": {"name": "Can add answer", "content_type": 10, "codename": "add_answer"}}, {"model": "auth.permission", "pk": 38, "fields": {"name": "Can change answer", "content_type": 10, "codename": "change_answer"}}, {"model": "auth.permission", "pk": 39, "fields": {"name": "Can delete answer", "content_type": 10, "codename": "delete_answer"}}, {"model": "auth.permission", "pk": 40, "fields": {"name": "Can view answer", "content_type": 10, "codename": "view_answer"}}, {"model": "auth.permission", "pk": 41, "fields": {"name": "Can add advice", "content_type": 11, "codename": "add_advice"}}, {"model": "auth.permission", "pk": 42, "fields": {"name": "Can change advice", "content_type": 11, "codename": "change_advice"}}, {"model": "auth.permission", "pk": 43, "fields": {"name": "Can delete advice", "content_type": 11, "codename": "delete_advice"}}, {"model": "auth.permission", "pk": 44, "fields": {"name": "Can view advice", "content_type": 11, "codename": "view_advice"}}, {"model": "auth.permission", "pk": 45, "fields": {"name": "Can add vulnerability", "content_type": 12, "codename": "add_vulnerability"}}, {"model": "auth.permission", "pk": 46, "fields": {"name": "Can change vulnerability", "content_type": 12, "codename": "change_vulnerability"}}, {"model": "auth.permission", "pk": 47, "fields": {"name": "Can delete vulnerability", "content_type": 12, "codename": "delete_vulnerability"}}, {"model": "auth.permission", "pk": 48, "fields": {"name": "Can view vulnerability", "content_type": 12, "codename": "view_vulnerability"}}, {"model": "auth.permission", "pk": 49, "fields": {"name": "Can add severity level", "content_type": 13, "codename": "add_severitylevel"}}, {"model": "auth.permission", "pk": 50, "fields": {"name": "Can change severity level", "content_type": 13, "codename": "change_severitylevel"}}, {"model": "auth.permission", "pk": 51, "fields": {"name": "Can delete severity level", "content_type": 13, "codename": "delete_severitylevel"}}, {"model": "auth.permission", "pk": 52, "fields": {"name": "Can view severity level", "content_type": 13, "codename": "view_severitylevel"}}, {"model": "auth.permission", "pk": 53, "fields": {"name": "Can add countermeasure", "content_type": 14, "codename": "add_countermeasure"}}, {"model": "auth.permission", "pk": 54, "fields": {"name": "Can change countermeasure", "content_type": 14, "codename": "change_countermeasure"}}, {"model": "auth.permission", "pk": 55, "fields": {"name": "Can delete countermeasure", "content_type": 14, "codename": "delete_countermeasure"}}, {"model": "auth.permission", "pk": 56, "fields": {"name": "Can view countermeasure", "content_type": 14, "codename": "view_countermeasure"}}, {"model": "auth.permission", "pk": 57, "fields": {"name": "Can add attacker", "content_type": 15, "codename": "add_attacker"}}, {"model": "auth.permission", "pk": 58, "fields": {"name": "Can change attacker", "content_type": 15, "codename": "change_attacker"}}, {"model": "auth.permission", "pk": 59, "fields": {"name": "Can delete attacker", "content_type": 15, "codename": "delete_attacker"}}, {"model": "auth.permission", "pk": 60, "fields": {"name": "Can view attacker", "content_type": 15, "codename": "view_attacker"}}, {"model": "auth.permission", "pk": 61, "fields": {"name": "Can add ciaa category", "content_type": 16, "codename": "add_ciaacategory"}}, {"model": "auth.permission", "pk": 62, "fields": {"name": "Can change ciaa category", "content_type": 16, "codename": "change_ciaacategory"}}, {"model": "auth.permission", "pk": 63, "fields": {"name": "Can delete ciaa category", "content_type": 16, "codename": "delete_ciaacategory"}}, {"model": "auth.permission", "pk": 64, "fields": {"name": "Can view ciaa category", "content_type": 16, "codename": "view_ciaacategory"}}, {"model": "auth.user", "pk": 1, "fields": {"password": "pbkdf2_sha256$180000$RNxyVyI2w7Q2$Hb5K1s2pXn3zURwovzlqiqA/DGlEtDveKLmTFlZ4PH4=", "last_login": "2020-04-17T11:56:23.830Z", "is_superuser": true, "username": "scott", "first_name": "", "last_name": "", "email": "", "is_staff": true, "is_active": true, "date_joined": "2020-02-05T02:18:27.292Z", "groups": [], "user_permissions": []}}, {"model": "admin.logentry", "pk": 1, "fields": {"action_time": "2020-02-05T02:18:54.933Z", "user": 1, "content_type": 7, "object_id": "1", "object_repr": "Asset object (1)", "action_flag": 1, "change_message": "[{\"added\": {}}]"}}, {"model": "admin.logentry", "pk": 2, "fields": {"action_time": "2020-02-05T02:19:02.464Z", "user": 1, "content_type": 8, "object_id": "1", "object_repr": "Threat object (1)", "action_flag": 1, "change_message": "[{\"added\": {}}]"}}, {"model": "admin.logentry", "pk": 3, "fields": {"action_time": "2020-02-05T02:19:16.320Z", "user": 1, "content_type": 11, "object_id": "1", "object_repr": "Advice object (1)", "action_flag": 1, "change_message": "[{\"added\": {}}]"}}, {"model": "admin.logentry", "pk": 4, "fields": {"action_time": "2020-02-05T14:18:47.740Z", "user": 1, "content_type": 9, "object_id": "1", "object_repr": "Question object (1)", "action_flag": 1, "change_message": "[{\"added\": {}}]"}}, {"model": "admin.logentry", "pk": 5, "fields": {"action_time": "2020-02-05T14:19:20.773Z", "user": 1, "content_type": 9, "object_id": "2", "object_repr": "Question object (2)", "action_flag": 1, "change_message": "[{\"added\": {}}]"}}, {"model": "admin.logentry", "pk": 6, "fields": {"action_time": "2020-02-05T14:29:22.737Z", "user": 1, "content_type": 9, "object_id": "3", "object_repr": "Question object (3)", "action_flag": 1, "change_message": "[{\"added\": {}}]"}}, {"model": "admin.logentry", "pk": 7, "fields": {"action_time": "2020-02-05T14:29:54.770Z", "user": 1, "content_type": 7, "object_id": "2", "object_repr": "Asset object (2)", "action_flag": 1, "change_message": "[{\"added\": {}}]"}}, {"model": "admin.logentry", "pk": 8, "fields": {"action_time": "2020-02-05T14:30:14.932Z", "user": 1, "content_type": 10, "object_id": "1", "object_repr": "Answer object (1)", "action_flag": 1, "change_message": "[{\"added\": {}}]"}}, {"model": "admin.logentry", "pk": 9, "fields": {"action_time": "2020-02-05T14:30:27.510Z", "user": 1, "content_type": 10, "object_id": "2", "object_repr": "Answer object (2)", "action_flag": 1, "change_message": "[{\"added\": {}}]"}}, {"model": "admin.logentry", "pk": 10, "fields": {"action_time": "2020-02-05T14:30:41.455Z", "user": 1, "content_type": 10, "object_id": "3", "object_repr": "Answer object (3)", "action_flag": 1, "change_message": "[{\"added\": {}}]"}}, {"model": "admin.logentry", "pk": 11, "fields": {"action_time": "2020-02-05T14:31:13.125Z", "user": 1, "content_type": 8, "object_id": "2", "object_repr": "Threat object (2)", "action_flag": 1, "change_message": "[{\"added\": {}}]"}}, {"model": "admin.logentry", "pk": 12, "fields": {"action_time": "2020-02-05T14:31:19.519Z", "user": 1, "content_type": 11, "object_id": "2", "object_repr": "Advice object (2)", "action_flag": 1, "change_message": "[{\"added\": {}}]"}}, {"model": "admin.logentry", "pk": 13, "fields": {"action_time": "2020-02-05T14:32:00.361Z", "user": 1, "content_type": 11, "object_id": "3", "object_repr": "Advice object (3)", "action_flag": 1, "change_message": "[{\"added\": {}}]"}}, {"model": "admin.logentry", "pk": 14, "fields": {"action_time": "2020-02-09T18:09:26.812Z", "user": 1, "content_type": 8, "object_id": "3", "object_repr": "Identity Theft", "action_flag": 1, "change_message": "[{\"added\": {}}]"}}, {"model": "admin.logentry", "pk": 15, "fields": {"action_time": "2020-02-17T16:13:28.218Z", "user": 1, "content_type": 10, "object_id": "4", "object_repr": "another answer", "action_flag": 1, "change_message": "[{\"added\": {}}]"}}, {"model": "admin.logentry", "pk": 16, "fields": {"action_time": "2020-02-17T16:27:04.971Z", "user": 1, "content_type": 10, "object_id": "4", "object_repr": "another answer", "action_flag": 2, "change_message": "[{\"changed\": {\"fields\": [\"answerRank\"]}}]"}}, {"model": "admin.logentry", "pk": 17, "fields": {"action_time": "2020-02-17T18:41:53.858Z", "user": 1, "content_type": 9, "object_id": "7", "object_repr": "<tr><th><label for=\"id_question\">Enter Question Here:</label></th><td><input type=\"text\" name=\"question\" maxlength=\"100\" required id=\"id_question\"></td></tr>", "action_flag": 3, "change_message": ""}}, {"model": "admin.logentry", "pk": 18, "fields": {"action_time": "2020-02-17T18:41:53.883Z", "user": 1, "content_type": 9, "object_id": "6", "object_repr": "<tr><th><label for=\"id_question\">Enter Question Here:</label></th><td><input type=\"text\" name=\"question\" maxlength=\"100\" required id=\"id_question\"></td></tr>", "action_flag": 3, "change_message": ""}}, {"model": "admin.logentry", "pk": 19, "fields": {"action_time": "2020-02-17T18:41:53.913Z", "user": 1, "content_type": 9, "object_id": "5", "object_repr": "<tr><th><label for=\"id_question\">Enter Question Here:</label></th><td><input type=\"text\" name=\"question\" maxlength=\"100\" required id=\"id_question\"></td></tr>", "action_flag": 3, "change_message": ""}}, {"model": "admin.logentry", "pk": 20, "fields": {"action_time": "2020-02-17T18:41:53.943Z", "user": 1, "content_type": 9, "object_id": "4", "object_repr": "<tr><th><label for=\"id_question\">Enter Question Here:</label></th><td><input type=\"text\" name=\"question\" maxlength=\"100\" required id=\"id_question\"></td></tr>", "action_flag": 3, "change_message": ""}}, {"model": "admin.logentry", "pk": 21, "fields": {"action_time": "2020-02-17T19:06:22.825Z", "user": 1, "content_type": 9, "object_id": "17", "object_repr": "test6", "action_flag": 3, "change_message": ""}}, {"model": "admin.logentry", "pk": 22, "fields": {"action_time": "2020-02-17T19:06:22.848Z", "user": 1, "content_type": 9, "object_id": "16", "object_repr": "test", "action_flag": 3, "change_message": ""}}, {"model": "admin.logentry", "pk": 23, "fields": {"action_time": "2020-02-17T19:06:22.875Z", "user": 1, "content_type": 9, "object_id": "15", "object_repr": "test5", "action_flag": 3, "change_message": ""}}, {"model": "admin.logentry", "pk": 24, "fields": {"action_time": "2020-02-17T19:06:22.907Z", "user": 1, "content_type": 9, "object_id": "14", "object_repr": "test", "action_flag": 3, "change_message": ""}}, {"model": "admin.logentry", "pk": 25, "fields": {"action_time": "2020-02-17T19:06:22.931Z", "user": 1, "content_type": 9, "object_id": "13", "object_repr": "test4", "action_flag": 3, "change_message": ""}}, {"model": "admin.logentry", "pk": 26, "fields": {"action_time": "2020-02-17T19:06:22.956Z", "user": 1, "content_type": 9, "object_id": "12", "object_repr": "test4", "action_flag": 3, "change_message": ""}}, {"model": "admin.logentry", "pk": 27, "fields": {"action_time": "2020-02-17T19:06:22.980Z", "user": 1, "content_type": 9, "object_id": "11", "object_repr": "test3", "action_flag": 3, "change_message": ""}}, {"model": "admin.logentry", "pk": 28, "fields": {"action_time": "2020-02-17T19:06:23.009Z", "user": 1, "content_type": 9, "object_id": "10", "object_repr": "test2", "action_flag": 3, "change_message": ""}}, {"model": "admin.logentry", "pk": 29, "fields": {"action_time": "2020-02-17T19:06:23.035Z", "user": 1, "content_type": 9, "object_id": "9", "object_repr": "test", "action_flag": 3, "change_message": ""}}, {"model": "admin.logentry", "pk": 30, "fields": {"action_time": "2020-02-17T19:06:23.059Z", "user": 1, "content_type": 9, "object_id": "8", "object_repr": "test", "action_flag": 3, "change_message": ""}}, {"model": "admin.logentry", "pk": 31, "fields": {"action_time": "2020-02-17T23:55:13.304Z", "user": 1, "content_type": 8, "object_id": "3", "object_repr": "Identity Theft", "action_flag": 2, "change_message": "[{\"changed\": {\"fields\": [\"AdviceKey\"]}}]"}}, {"model": "admin.logentry", "pk": 32, "fields": {"action_time": "2020-02-17T23:55:22.055Z", "user": 1, "content_type": 8, "object_id": "2", "object_repr": "viruses", "action_flag": 2, "change_message": "[{\"changed\": {\"fields\": [\"AdviceKey\"]}}]"}}, {"model": "admin.logentry", "pk": 33, "fields": {"action_time": "2020-02-17T23:55:36.218Z", "user": 1, "content_type": 8, "object_id": "1", "object_repr": "Phishing", "action_flag": 2, "change_message": "[{\"changed\": {\"fields\": [\"AdviceKey\"]}}]"}}, {"model": "admin.logentry", "pk": 34, "fields": {"action_time": "2020-02-20T03:13:38.159Z", "user": 1, "content_type": 10, "object_id": "4", "object_repr": "another answer", "action_flag": 3, "change_message": ""}}, {"model": "admin.logentry", "pk": 35, "fields": {"action_time": "2020-02-20T03:13:38.176Z", "user": 1, "content_type": 10, "object_id": "3", "object_repr": "don't buy them, the president doesn't love you", "action_flag": 3, "change_message": ""}}, {"model": "admin.logentry", "pk": 36, "fields": {"action_time": "2020-02-20T03:13:38.190Z", "user": 1, "content_type": 10, "object_id": "2", "object_repr": "to catch fish", "action_flag": 3, "change_message": ""}}, {"model": "admin.logentry", "pk": 37, "fields": {"action_time": "2020-02-20T03:13:38.204Z", "user": 1, "content_type": 10, "object_id": "1", "object_repr": "bad thing", "action_flag": 3, "change_message": ""}}, {"model": "admin.logentry", "pk": 38, "fields": {"action_time": "2020-02-20T03:13:53.330Z", "user": 1, "content_type": 7, "object_id": "2", "object_repr": "computer", "action_flag": 3, "change_message": ""}}, {"model": "admin.logentry", "pk": 39, "fields": {"action_time": "2020-02-20T03:13:53.347Z", "user": 1, "content_type": 7, "object_id": "1", "object_repr": "Email", "action_flag": 3, "change_message": ""}}, {"model": "admin.logentry", "pk": 40, "fields": {"action_time": "2020-02-20T03:14:15.843Z", "user": 1, "content_type": 11, "object_id": "3", "object_repr": "use an adblocker", "action_flag": 3, "change_message": ""}}, {"model": "admin.logentry", "pk": 41, "fields": {"action_time": "2020-02-20T03:14:15.857Z", "user": 1, "content_type": 11, "object_id": "2", "object_repr": "don't do dumb things", "action_flag": 3, "change_message": ""}}, {"model": "admin.logentry", "pk": 42, "fields": {"action_time": "2020-02-20T03:14:15.872Z", "user": 1, "content_type": 11, "object_id": "1", "object_repr": "don't answer spam", "action_flag": 3, "change_message": ""}}, {"model": "admin.logentry", "pk": 43, "fields": {"action_time": "2020-02-20T03:18:57.695Z", "user": 1, "content_type": 11, "object_id": "4", "object_repr": "Computer", "action_flag": 1, "change_message": "[{\"added\": {}}]"}}, {"model": "admin.logentry", "pk": 44, "fields": {"action_time": "2020-02-20T03:19:17.054Z", "user": 1, "content_type": 11, "object_id": "4", "object_repr": "Computer", "action_flag": 3, "change_message": ""}}, {"model": "admin.logentry", "pk": 45, "fields": {"action_time": "2020-02-20T03:19:28.963Z", "user": 1, "content_type": 7, "object_id": "3", "object_repr": "Computer", "action_flag": 1, "change_message": "[{\"added\": {}}]"}}, {"model": "admin.logentry", "pk": 46, "fields": {"action_time": "2020-02-20T03:19:35.339Z", "user": 1, "content_type": 7, "object_id": "4", "object_repr": "Email", "action_flag": 1, "change_message": "[{\"added\": {}}]"}}, {"model": "admin.logentry", "pk": 47, "fields": {"action_time": "2020-02-20T03:19:45.307Z", "user": 1, "content_type": 7, "object_id": "5", "object_repr": "Building", "action_flag": 1, "change_message": "[{\"added\": {}}]"}}, {"model": "admin.logentry", "pk": 48, "fields": {"action_time": "2020-02-20T03:20:08.552Z", "user": 1, "content_type": 7, "object_id": "6", "object_repr": "Vehicles", "action_flag": 1, "change_message": "[{\"added\": {}}]"}}, {"model": "admin.logentry", "pk": 49, "fields": {"action_time": "2020-02-20T03:21:18.775Z", "user": 1, "content_type": 9, "object_id": "18", "object_repr": "Can i plug in a usb drive", "action_flag": 1, "change_message": "[{\"added\": {}}]"}}, {"model": "admin.logentry", "pk": 50, "fields": {"action_time": "2020-02-20T03:21:42.606Z", "user": 1, "content_type": 9, "object_id": "19", "object_repr": "Do i have to lock my station down when i leave the desk", "action_flag": 1, "change_message": "[{\"added\": {}}]"}}, {"model": "admin.logentry", "pk": 51, "fields": {"action_time": "2020-02-20T03:22:11.701Z", "user": 1, "content_type": 9, "object_id": "20", "object_repr": "Can i let another co-worker use my computer", "action_flag": 1, "change_message": "[{\"added\": {}}]"}}, {"model": "admin.logentry", "pk": 52, "fields": {"action_time": "2020-02-20T03:22:24.840Z", "user": 1, "content_type": 9, "object_id": "21", "object_repr": "What is phishing", "action_flag": 1, "change_message": "[{\"added\": {}}]"}}, {"model": "admin.logentry", "pk": 53, "fields": {"action_time": "2020-02-20T03:22:34.603Z", "user": 1, "content_type": 9, "object_id": "22", "object_repr": "What is spam", "action_flag": 1, "change_message": "[{\"added\": {}}]"}}, {"model": "admin.logentry", "pk": 54, "fields": {"action_time": "2020-02-20T03:22:44.942Z", "user": 1, "content_type": 9, "object_id": "23", "object_repr": "I got an offer for a gift card", "action_flag": 1, "change_message": "[{\"added\": {}}]"}}, {"model": "admin.logentry", "pk": 55, "fields": {"action_time": "2020-02-20T03:23:03.441Z", "user": 1, "content_type": 9, "object_id": "24", "object_repr": "Can i hold the door open for a coworker", "action_flag": 1, "change_message": "[{\"added\": {}}]"}}, {"model": "admin.logentry", "pk": 56, "fields": {"action_time": "2020-02-20T03:23:15.250Z", "user": 1, "content_type": 9, "object_id": "25", "object_repr": "Can i prop the door open when taking a phone call outside", "action_flag": 1, "change_message": "[{\"added\": {}}]"}}, {"model": "admin.logentry", "pk": 57, "fields": {"action_time": "2020-02-20T03:26:23.624Z", "user": 1, "content_type": 10, "object_id": "5", "object_repr": "no you can not, we disabled all usb ports on the computers. this way no one in the office can install virus though this port.", "action_flag": 1, "change_message": "[{\"added\": {}}]"}}, {"model": "admin.logentry", "pk": 58, "fields": {"action_time": "2020-02-20T03:27:58.194Z", "user": 1, "content_type": 10, "object_id": "6", "object_repr": "No you cant, IT team turned them off", "action_flag": 1, "change_message": "[{\"added\": {}}]"}}, {"model": "admin.logentry", "pk": 59, "fields": {"action_time": "2020-02-20T03:28:12.212Z", "user": 1, "content_type": 10, "object_id": "7", "object_repr": "Why would you ever want to plug in a usb drive?", "action_flag": 1, "change_message": "[{\"added\": {}}]"}}, {"model": "admin.logentry", "pk": 60, "fields": {"action_time": "2020-02-20T03:28:28.463Z", "user": 1, "content_type": 10, "object_id": "8", "object_repr": "Yes you do, if not someone else could go on to your statoin and use your computer without you knowning", "action_flag": 1, "change_message": "[{\"added\": {}}]"}}, {"model": "admin.logentry", "pk": 61, "fields": {"action_time": "2020-02-20T03:28:53.842Z", "user": 1, "content_type": 10, "object_id": "9", "object_repr": "You should and you must. Company pollicy", "action_flag": 1, "change_message": "[{\"added\": {}}]"}}, {"model": "admin.logentry", "pk": 62, "fields": {"action_time": "2020-02-20T03:29:06.211Z", "user": 1, "content_type": 10, "object_id": "10", "object_repr": "Its when you go out to a lake and try to catch a fish.", "action_flag": 1, "change_message": "[{\"added\": {}}]"}}, {"model": "admin.logentry", "pk": 63, "fields": {"action_time": "2020-02-20T03:30:07.496Z", "user": 1, "content_type": 10, "object_id": "11", "object_repr": "Its a thing you eat out of a can", "action_flag": 1, "change_message": "[{\"added\": {}}]"}}, {"model": "admin.logentry", "pk": 64, "fields": {"action_time": "2020-02-20T03:30:20.733Z", "user": 1, "content_type": 10, "object_id": "12", "object_repr": "Its another way of saying 'junk mail'", "action_flag": 1, "change_message": "[{\"added\": {}}]"}}, {"model": "admin.logentry", "pk": 65, "fields": {"action_time": "2020-02-20T03:30:37.271Z", "user": 1, "content_type": 10, "object_id": "13", "object_repr": "You should not replay to the email and should mark it as spam", "action_flag": 1, "change_message": "[{\"added\": {}}]"}}, {"model": "admin.logentry", "pk": 66, "fields": {"action_time": "2020-02-20T03:31:07.277Z", "user": 1, "content_type": 10, "object_id": "14", "object_repr": "No you can not, what if that person was let go yesterday and without you knowing? someone now just entered the building who should not have been", "action_flag": 1, "change_message": "[{\"added\": {}}]"}}, {"model": "admin.logentry", "pk": 67, "fields": {"action_time": "2020-02-20T03:31:24.502Z", "user": 1, "content_type": 10, "object_id": "14", "object_repr": "No you can not, what if that person was let go yesterday and without you knowing? someone now just entered the building who should not have been", "action_flag": 2, "change_message": "[{\"changed\": {\"fields\": [\"AnswerRank\"]}}]"}}, {"model": "admin.logentry", "pk": 68, "fields": {"action_time": "2020-02-20T03:31:43.383Z", "user": 1, "content_type": 10, "object_id": "14", "object_repr": "No you can not, what if that person was let go yesterday and without you knowing? someone now just entered the building who should not have been", "action_flag": 2, "change_message": "[{\"changed\": {\"fields\": [\"AnswerRank\"]}}]"}}, {"model": "admin.logentry", "pk": 69, "fields": {"action_time": "2020-02-20T03:34:19.714Z", "user": 1, "content_type": 11, "object_id": "5", "object_repr": "Have an antivirus installed on the computer", "action_flag": 1, "change_message": "[{\"added\": {}}]"}}, {"model": "admin.logentry", "pk": 70, "fields": {"action_time": "2020-02-20T03:34:29.005Z", "user": 1, "content_type": 11, "object_id": "6", "object_repr": "Do not respond to any email address that is not in your companys address book", "action_flag": 1, "change_message": "[{\"added\": {}}]"}}, {"model": "admin.logentry", "pk": 71, "fields": {"action_time": "2020-02-20T03:34:37.809Z", "user": 1, "content_type": 11, "object_id": "7", "object_repr": "Lock your car before entering the building", "action_flag": 1, "change_message": "[{\"added\": {}}]"}}, {"model": "admin.logentry", "pk": 72, "fields": {"action_time": "2020-02-20T03:34:46.836Z", "user": 1, "content_type": 11, "object_id": "8", "object_repr": "Hide anything of value out of sight in your car", "action_flag": 1, "change_message": "[{\"added\": {}}]"}}, {"model": "admin.logentry", "pk": 73, "fields": {"action_time": "2020-02-20T03:35:36.014Z", "user": 1, "content_type": 8, "object_id": "4", "object_repr": "Key Logers", "action_flag": 1, "change_message": "[{\"added\": {}}]"}}, {"model": "admin.logentry", "pk": 74, "fields": {"action_time": "2020-02-20T03:35:52.522Z", "user": 1, "content_type": 8, "object_id": "5", "object_repr": "Virus", "action_flag": 1, "change_message": "[{\"added\": {}}]"}}, {"model": "admin.logentry", "pk": 75, "fields": {"action_time": "2020-02-20T03:36:06.984Z", "user": 1, "content_type": 8, "object_id": "6", "object_repr": "Phishing", "action_flag": 1, "change_message": "[{\"added\": {}}]"}}, {"model": "admin.logentry", "pk": 76, "fields": {"action_time": "2020-02-20T03:36:22.684Z", "user": 1, "content_type": 8, "object_id": "7", "object_repr": "Grand theft", "action_flag": 1, "change_message": "[{\"added\": {}}]"}}, {"model": "admin.logentry", "pk": 77, "fields": {"action_time": "2020-02-20T03:36:45.759Z", "user": 1, "content_type": 8, "object_id": "8", "object_repr": "theft", "action_flag": 1, "change_message": "[{\"added\": {}}]"}}, {"model": "admin.logentry", "pk": 78, "fields": {"action_time": "2020-04-16T16:50:04.510Z", "user": 1, "content_type": 8, "object_id": "9", "object_repr": "Unkown USB", "action_flag": 2, "change_message": "[{\"changed\": {\"fields\": [\"IsApproved\"]}}]"}}, {"model": "admin.logentry", "pk": 79, "fields": {"action_time": "2020-04-16T16:50:13.015Z", "user": 1, "content_type": 8, "object_id": "8", "object_repr": "theft", "action_flag": 2, "change_message": "[{\"changed\": {\"fields\": [\"IsApproved\"]}}]"}}, {"model": "admin.logentry", "pk": 80, "fields": {"action_time": "2020-04-16T16:50:25.874Z", "user": 1, "content_type": 8, "object_id": "7", "object_repr": "Grand theft", "action_flag": 2, "change_message": "[{\"changed\": {\"fields\": [\"IsApproved\"]}}]"}}, {"model": "admin.logentry", "pk": 81, "fields": {"action_time": "2020-04-16T16:50:29.544Z", "user": 1, "content_type": 8, "object_id": "6", "object_repr": "Phishing", "action_flag": 2, "change_message": "[{\"changed\": {\"fields\": [\"IsApproved\"]}}]"}}, {"model": "admin.logentry", "pk": 82, "fields": {"action_time": "2020-04-16T16:50:35.086Z", "user": 1, "content_type": 8, "object_id": "5", "object_repr": "Virus", "action_flag": 2, "change_message": "[{\"changed\": {\"fields\": [\"IsApproved\"]}}]"}}, {"model": "admin.logentry", "pk": 83, "fields": {"action_time": "2020-04-16T16:50:38.744Z", "user": 1, "content_type": 8, "object_id": "4", "object_repr": "Key Logers", "action_flag": 2, "change_message": "[{\"changed\": {\"fields\": [\"IsApproved\"]}}]"}}, {"model": "admin.logentry", "pk": 84, "fields": {"action_time": "2020-04-17T11:57:24.934Z", "user": 1, "content_type": 8, "object_id": "10", "object_repr": "asdf", "action_flag": 1, "change_message": "[{\"added\": {}}]"}}, {"model": "admin.logentry", "pk": 85, "fields": {"action_time": "2020-04-17T11:57:37.706Z", "user": 1, "content_type": 8, "object_id": "11", "object_repr": "fdsa", "action_flag": 1, "change_message": "[{\"added\": {}}]"}}, {"model": "admin.logentry", "pk": 86, "fields": {"action_time": "2020-04-17T11:57:59.751Z", "user": 1, "content_type": 8, "object_id": "12", "object_repr": "req", "action_flag": 1, "change_message": "[{\"added\": {}}]"}}, {"model": "admin.logentry", "pk": 87, "fields": {"action_time": "2020-04-17T14:55:25.441Z", "user": 1, "content_type": 8, "object_id": "13", "object_repr": "test", "action_flag": 2, "change_message": "[{\"changed\": {\"fields\": [\"IsApproved\"]}}]"}}, {"model": "admin.logentry", "pk": 88, "fields": {"action_time": "2020-04-17T15:28:34.709Z", "user": 1, "content_type": 8, "object_id": "13", "object_repr": "test", "action_flag": 2, "change_message": "[{\"changed\": {\"fields\": [\"IsApproved\"]}}]"}}, {"model": "admin.logentry", "pk": 89, "fields": {"action_time": "2020-04-17T15:29:12.891Z", "user": 1, "content_type": 8, "object_id": "14", "object_repr": "test2", "action_flag": 2, "change_message": "[{\"changed\": {\"fields\": [\"IsApproved\"]}}]"}}]